img,label
1909.jpg,3h
4909.jpg,5s
3439.jpg,qs
3320.jpg,3d
745.jpg,6c
865.jpg,8h
82.jpg,6d
569.jpg,as
4139.jpg,5c
2551.jpg,3c
1731.jpg,ks
4897.jpg,8c
2358.jpg,kc
689.jpg,ad
3174.jpg,kh
3561.jpg,qd
2635.jpg,2s
478.jpg,7c
2018.jpg,2h
479.jpg,7c
3154.jpg,kh
1991.jpg,3h
3227.jpg,3s
4321.jpg,8d
1497.jpg,jc
4542.jpg,9d
1688.jpg,10s
3473.jpg,qs
1705.jpg,ks
2491.jpg,10c
3417.jpg,qs
948.jpg,7d
4978.jpg,5s
253.jpg,5h
906.jpg,7d
4234.jpg,8s
4482.jpg,9s
3906.jpg,4d
2586.jpg,3c
4290.jpg,8s
3195.jpg,kh
755.jpg,6c
1143.jpg,7s
526.jpg,as
3312.jpg,3d
3449.jpg,qs
2474.jpg,10c
941.jpg,7d
146.jpg,6s
3125.jpg,kh
2663.jpg,2s
1801.jpg,kd
1875.jpg,kd
818.jpg,8h
4435.jpg,9s
487.jpg,7c
2036.jpg,2h
4207.jpg,8s
812.jpg,8h
2644.jpg,2s
3297.jpg,3s
1716.jpg,ks
1209.jpg,ac
4986.jpg,5s
1648.jpg,10s
1429.jpg,jc
3383.jpg,3d
4822.jpg,8c
5079.jpg,6h
1910.jpg,3h
1346.jpg,qh
2201.jpg,jd
1512.jpg,10d
2395.jpg,kc
3412.jpg,qs
480.jpg,7c
3722.jpg,7h
1504.jpg,10d
1657.jpg,10s
4768.jpg,ah
2407.jpg,10c
2887.jpg,jh
2816.jpg,jh
2517.jpg,3c
1278.jpg,ac
3451.jpg,qs
4617.jpg,4c
3309.jpg,3d
4372.jpg,8d
1941.jpg,3h
3698.jpg,2c
3116.jpg,kh
1353.jpg,qh
2455.jpg,10c
385.jpg,9h
1266.jpg,ac
825.jpg,8h
3136.jpg,kh
2178.jpg,js
258.jpg,5h
1635.jpg,10s
1962.jpg,3h
3971.jpg,4d
1236.jpg,ac
826.jpg,8h
3675.jpg,2c
4426.jpg,9s
2170.jpg,js
4351.jpg,8d
4019.jpg,9c
2205.jpg,jd
54.jpg,6d
4835.jpg,8c
2853.jpg,jh
1765.jpg,ks
1439.jpg,jc
2195.jpg,js
4554.jpg,9d
333.jpg,9h
3142.jpg,kh
1707.jpg,ks
923.jpg,7d
4068.jpg,9c
3852.jpg,4s
248.jpg,5h
94.jpg,6d
4780.jpg,ah
2844.jpg,jh
3601.jpg,2c
1055.jpg,4h
4369.jpg,8d
5015.jpg,6h
4316.jpg,8d
1781.jpg,ks
242.jpg,5h
987.jpg,7d
1738.jpg,ks
5155.jpg,5d
1259.jpg,ac
2530.jpg,3c
3899.jpg,4s
2044.jpg,2h
1649.jpg,10s
692.jpg,ad
3652.jpg,2c
3984.jpg,4d
359.jpg,9h
2600.jpg,2s
1963.jpg,3h
1526.jpg,10d
2461.jpg,10c
2259.jpg,jd
804.jpg,8h
3820.jpg,4s
3532.jpg,qd
4103.jpg,5c
1954.jpg,3h
590.jpg,as
279.jpg,5h
2388.jpg,kc
1063.jpg,4h
1831.jpg,kd
1077.jpg,4h
1483.jpg,jc
4318.jpg,8d
2506.jpg,3c
3089.jpg,10h
3091.jpg,10h
2861.jpg,jh
2189.jpg,js
3989.jpg,4d
1499.jpg,jc
2907.jpg,qc
1569.jpg,10d
685.jpg,ad
2468.jpg,10c
2831.jpg,jh
3484.jpg,qs
4743.jpg,ah
2862.jpg,jh
4812.jpg,8c
4466.jpg,9s
2109.jpg,js
3118.jpg,kh
295.jpg,5h
3245.jpg,3s
156.jpg,6s
4576.jpg,9d
1632.jpg,10s
185.jpg,6s
484.jpg,7c
4569.jpg,9d
4183.jpg,5c
2695.jpg,2s
2556.jpg,3c
4242.jpg,8s
455.jpg,7c
10.jpg,6d
1256.jpg,ac
3051.jpg,10h
995.jpg,7d
1917.jpg,3h
1960.jpg,3h
4409.jpg,9s
1289.jpg,ac
1177.jpg,7s
272.jpg,5h
2034.jpg,2h
3575.jpg,qd
2246.jpg,jd
453.jpg,7c
2955.jpg,qc
4428.jpg,9s
2135.jpg,js
1952.jpg,3h
1215.jpg,ac
3415.jpg,qs
3895.jpg,4s
1330.jpg,qh
3910.jpg,4d
2979.jpg,qc
3080.jpg,10h
1583.jpg,10d
2640.jpg,2s
3272.jpg,3s
1126.jpg,7s
4282.jpg,8s
5028.jpg,6h
2746.jpg,2d
4446.jpg,9s
970.jpg,7d
937.jpg,7d
2022.jpg,2h
1481.jpg,jc
3869.jpg,4s
4598.jpg,9d
2543.jpg,3c
1819.jpg,kd
4248.jpg,8s
1032.jpg,4h
37.jpg,6d
4862.jpg,8c
869.jpg,8h
1183.jpg,7s
2408.jpg,10c
2490.jpg,10c
1440.jpg,jc
791.jpg,6c
2402.jpg,10c
2964.jpg,qc
2741.jpg,2d
5100.jpg,5d
1661.jpg,10s
4990.jpg,5s
4487.jpg,9s
9.jpg,6d
4873.jpg,8c
4608.jpg,4c
4605.jpg,4c
1966.jpg,3h
2648.jpg,2s
562.jpg,as
2585.jpg,3c
3252.jpg,3s
2942.jpg,qc
2281.jpg,jd
3952.jpg,4d
1302.jpg,qh
832.jpg,8h
343.jpg,9h
936.jpg,7d
3668.jpg,2c
3914.jpg,4d
3045.jpg,10h
2212.jpg,jd
3959.jpg,4d
684.jpg,ad
2615.jpg,2s
4176.jpg,5c
3040.jpg,10h
3259.jpg,3s
2559.jpg,3c
115.jpg,6s
71.jpg,6d
2391.jpg,kc
2977.jpg,qc
1047.jpg,4h
3063.jpg,10h
3014.jpg,10h
1671.jpg,10s
2694.jpg,2s
983.jpg,7d
3295.jpg,3s
3161.jpg,kh
5185.jpg,5d
2111.jpg,js
4184.jpg,5c
2525.jpg,3c
2498.jpg,10c
2548.jpg,3c
567.jpg,as
2994.jpg,qc
4467.jpg,9s
1928.jpg,3h
3745.jpg,7h
1825.jpg,kd
3696.jpg,2c
164.jpg,6s
4548.jpg,9d
1163.jpg,7s
1545.jpg,10d
309.jpg,9h
2826.jpg,jh
2370.jpg,kc
4641.jpg,4c
3431.jpg,qs
57.jpg,6d
4421.jpg,9s
1070.jpg,4h
4193.jpg,5c
3066.jpg,10h
1198.jpg,7s
2992.jpg,qc
1906.jpg,3h
5078.jpg,6h
4940.jpg,5s
1697.jpg,10s
3690.jpg,2c
208.jpg,5h
2960.jpg,qc
278.jpg,5h
3353.jpg,3d
1919.jpg,3h
4841.jpg,8c
3401.jpg,qs
1436.jpg,jc
4390.jpg,8d
3595.jpg,qd
615.jpg,ad
3615.jpg,2c
435.jpg,7c
4039.jpg,9c
2192.jpg,js
2930.jpg,qc
4379.jpg,8d
4142.jpg,5c
2472.jpg,10c
542.jpg,as
1519.jpg,10d
2801.jpg,jh
917.jpg,7d
2797.jpg,2d
4823.jpg,8c
3544.jpg,qd
2026.jpg,2h
142.jpg,6s
4266.jpg,8s
5148.jpg,5d
452.jpg,7c
2160.jpg,js
4776.jpg,ah
254.jpg,5h
519.jpg,as
4720.jpg,ah
5188.jpg,5d
1653.jpg,10s
2706.jpg,2d
496.jpg,7c
4725.jpg,ah
2617.jpg,2s
3911.jpg,4d
1594.jpg,10d
1158.jpg,7s
1224.jpg,ac
2448.jpg,10c
5130.jpg,5d
1675.jpg,10s
956.jpg,7d
4358.jpg,8d
2179.jpg,js
4261.jpg,8s
3996.jpg,4d
4751.jpg,ah
378.jpg,9h
3185.jpg,kh
4804.jpg,8c
4619.jpg,4c
4950.jpg,5s
5022.jpg,6h
4496.jpg,9s
3405.jpg,qs
1871.jpg,kd
3748.jpg,7h
2560.jpg,3c
3305.jpg,3d
354.jpg,9h
4836.jpg,8c
1340.jpg,qh
1862.jpg,kd
1151.jpg,7s
2149.jpg,js
1513.jpg,10d
3494.jpg,qs
2372.jpg,kc
2673.jpg,2s
2357.jpg,kc
1410.jpg,jc
2293.jpg,jd
2740.jpg,2d
1981.jpg,3h
2864.jpg,jh
3053.jpg,10h
3566.jpg,qd
2913.jpg,qc
4565.jpg,9d
2912.jpg,qc
677.jpg,ad
2958.jpg,qc
943.jpg,7d
732.jpg,6c
2665.jpg,2s
2932.jpg,qc
5199.jpg,5d
1393.jpg,qh
3796.jpg,7h
1746.jpg,ks
41.jpg,6d
4764.jpg,ah
2046.jpg,2h
3574.jpg,qd
2669.jpg,2s
5149.jpg,5d
3684.jpg,2c
4226.jpg,8s
1679.jpg,10s
3368.jpg,3d
2922.jpg,qc
2058.jpg,2h
2674.jpg,2s
97.jpg,6d
647.jpg,ad
1359.jpg,qh
3062.jpg,10h
4662.jpg,4c
805.jpg,8h
4188.jpg,5c
2033.jpg,2h
996.jpg,7d
766.jpg,6c
150.jpg,6s
2405.jpg,10c
5113.jpg,5d
513.jpg,as
5121.jpg,5d
3350.jpg,3d
720.jpg,6c
1046.jpg,4h
3838.jpg,4s
4395.jpg,8d
450.jpg,7c
3824.jpg,4s
3718.jpg,7h
2323.jpg,kc
1073.jpg,4h
3858.jpg,4s
4646.jpg,4c
4107.jpg,5c
1843.jpg,kd
3364.jpg,3d
5086.jpg,6h
127.jpg,6s
4394.jpg,8d
2558.jpg,3c
3119.jpg,kh
1433.jpg,jc
3130.jpg,kh
0.jpg,6d
92.jpg,6d
3074.jpg,10h
296.jpg,5h
1490.jpg,jc
102.jpg,6s
907.jpg,7d
2811.jpg,jh
4122.jpg,5c
5161.jpg,5d
2202.jpg,jd
735.jpg,6c
3897.jpg,4s
405.jpg,7c
2073.jpg,2h
1938.jpg,3h
290.jpg,5h
1267.jpg,ac
4574.jpg,9d
4564.jpg,9d
1580.jpg,10d
217.jpg,5h
4162.jpg,5c
3107.jpg,kh
1006.jpg,4h
3621.jpg,2c
2011.jpg,2h
2656.jpg,2s
3274.jpg,3s
3469.jpg,qs
183.jpg,6s
2495.jpg,10c
3868.jpg,4s
2078.jpg,2h
1776.jpg,ks
1970.jpg,3h
2878.jpg,jh
2718.jpg,2d
329.jpg,9h
2188.jpg,js
798.jpg,6c
1818.jpg,kd
1319.jpg,qh
3688.jpg,2c
1279.jpg,ac
1343.jpg,qh
1855.jpg,kd
1838.jpg,kd
571.jpg,as
4045.jpg,9c
3780.jpg,7h
2643.jpg,2s
1767.jpg,ks
2712.jpg,2d
4001.jpg,9c
4485.jpg,9s
2515.jpg,3c
4603.jpg,4c
3330.jpg,3d
806.jpg,8h
3183.jpg,kh
1076.jpg,4h
4315.jpg,8d
4033.jpg,9c
3930.jpg,4d
2428.jpg,10c
3460.jpg,qs
169.jpg,6s
1094.jpg,4h
919.jpg,7d
1093.jpg,4h
3283.jpg,3s
1204.jpg,ac
4842.jpg,8c
1477.jpg,jc
4457.jpg,9s
5033.jpg,6h
4327.jpg,8d
4763.jpg,ah
4381.jpg,8d
1441.jpg,jc
4345.jpg,8d
1300.jpg,qh
223.jpg,5h
629.jpg,ad
1579.jpg,10d
3983.jpg,4d
1462.jpg,jc
1588.jpg,10d
3557.jpg,qd
3324.jpg,3d
1179.jpg,7s
4939.jpg,5s
1551.jpg,10d
1444.jpg,jc
2764.jpg,2d
3650.jpg,2c
3809.jpg,4s
1283.jpg,ac
4319.jpg,8d
3644.jpg,2c
3841.jpg,4s
3060.jpg,10h
2952.jpg,qc
3825.jpg,4s
3976.jpg,4d
2707.jpg,2d
4032.jpg,9c
4958.jpg,5s
1161.jpg,7s
2378.jpg,kc
4645.jpg,4c
1447.jpg,jc
2229.jpg,jd
4511.jpg,9d
1845.jpg,kd
531.jpg,as
1979.jpg,3h
2258.jpg,jd
4550.jpg,9d
3233.jpg,3s
2753.jpg,2d
578.jpg,as
3541.jpg,qd
4534.jpg,9d
521.jpg,as
4779.jpg,ah
508.jpg,as
3413.jpg,qs
2986.jpg,qc
2450.jpg,10c
2219.jpg,jd
365.jpg,9h
1245.jpg,ac
4817.jpg,8c
3995.jpg,4d
5011.jpg,6h
4317.jpg,8d
4522.jpg,9d
1214.jpg,ac
1254.jpg,ac
2312.jpg,kc
2588.jpg,3c
2614.jpg,2s
4902.jpg,5s
427.jpg,7c
5001.jpg,6h
4586.jpg,9d
3790.jpg,7h
3832.jpg,4s
4851.jpg,8c
1373.jpg,qh
3418.jpg,qs
4240.jpg,8s
4545.jpg,9d
2453.jpg,10c
4925.jpg,5s
1037.jpg,4h
742.jpg,6c
1020.jpg,4h
852.jpg,8h
4013.jpg,9c
4003.jpg,9c
4504.jpg,9d
4556.jpg,9d
1412.jpg,jc
605.jpg,ad
4102.jpg,5c
2172.jpg,js
1130.jpg,7s
653.jpg,ad
1836.jpg,kd
392.jpg,9h
4829.jpg,8c
1634.jpg,10s
620.jpg,ad
1972.jpg,3h
4773.jpg,ah
870.jpg,8h
1949.jpg,3h
4760.jpg,ah
4148.jpg,5c
1571.jpg,10d
1643.jpg,10s
644.jpg,ad
334.jpg,9h
1172.jpg,7s
1160.jpg,7s
2621.jpg,2s
4118.jpg,5c
3854.jpg,4s
369.jpg,9h
4255.jpg,8s
627.jpg,ad
801.jpg,8h
5123.jpg,5d
1250.jpg,ac
15.jpg,6d
1059.jpg,4h
3072.jpg,10h
3338.jpg,3d
1357.jpg,qh
3782.jpg,7h
2687.jpg,2s
3725.jpg,7h
3155.jpg,kh
1780.jpg,ks
356.jpg,9h
2222.jpg,jd
2122.jpg,js
3358.jpg,3d
3593.jpg,qd
2367.jpg,kc
3026.jpg,10h
4933.jpg,5s
4749.jpg,ah
4549.jpg,9d
2294.jpg,jd
868.jpg,8h
2415.jpg,10c
3692.jpg,2c
4455.jpg,9s
3570.jpg,qd
3642.jpg,2c
4673.jpg,4c
2056.jpg,2h
634.jpg,ad
4289.jpg,8s
3700.jpg,7h
856.jpg,8h
1405.jpg,jc
3137.jpg,kh
1678.jpg,10s
2514.jpg,3c
741.jpg,6c
2884.jpg,jh
545.jpg,as
2221.jpg,jd
2038.jpg,2h
539.jpg,as
1148.jpg,7s
4020.jpg,9c
5000.jpg,6h
1494.jpg,jc
3452.jpg,qs
3723.jpg,7h
4616.jpg,4c
830.jpg,8h
2751.jpg,2d
1868.jpg,kd
4430.jpg,9s
3602.jpg,2c
4765.jpg,ah
2431.jpg,10c
415.jpg,7c
2905.jpg,qc
1042.jpg,4h
4581.jpg,9d
3933.jpg,4d
4009.jpg,9c
616.jpg,ad
4422.jpg,9s
723.jpg,6c
4155.jpg,5c
4099.jpg,9c
3016.jpg,10h
509.jpg,as
1241.jpg,ac
4782.jpg,ah
5159.jpg,5d
2806.jpg,jh
1994.jpg,3h
2492.jpg,10c
4186.jpg,5c
2383.jpg,kc
3429.jpg,qs
928.jpg,7d
4969.jpg,5s
776.jpg,6c
564.jpg,as
3828.jpg,4s
2000.jpg,2h
2781.jpg,2d
3801.jpg,4s
3808.jpg,4s
1792.jpg,ks
3251.jpg,3s
4130.jpg,5c
4643.jpg,4c
3724.jpg,7h
2545.jpg,3c
4840.jpg,8c
4149.jpg,5c
3246.jpg,3s
4346.jpg,8d
221.jpg,5h
340.jpg,9h
1078.jpg,4h
2758.jpg,2d
5177.jpg,5d
1264.jpg,ac
2091.jpg,2h
2166.jpg,js
2320.jpg,kc
2013.jpg,2h
4772.jpg,ah
1138.jpg,7s
3821.jpg,4s
3399.jpg,3d
3991.jpg,4d
4705.jpg,ah
3507.jpg,qd
124.jpg,6s
1694.jpg,10s
5035.jpg,6h
219.jpg,5h
1867.jpg,kd
1714.jpg,ks
974.jpg,7d
2452.jpg,10c
3056.jpg,10h
2837.jpg,jh
5154.jpg,5d
2313.jpg,kc
895.jpg,8h
3307.jpg,3d
908.jpg,7d
4596.jpg,9d
2570.jpg,3c
823.jpg,8h
4656.jpg,4c
4363.jpg,8d
4526.jpg,9d
3329.jpg,3d
4579.jpg,9d
3134.jpg,kh
550.jpg,as
4919.jpg,5s
4529.jpg,9d
3098.jpg,10h
4857.jpg,8c
4133.jpg,5c
1459.jpg,jc
5158.jpg,5d
2919.jpg,qc
3573.jpg,qd
1379.jpg,qh
4966.jpg,5s
4951.jpg,5s
4016.jpg,9c
4797.jpg,ah
708.jpg,6c
3304.jpg,3d
2998.jpg,qc
2509.jpg,3c
1541.jpg,10d
1229.jpg,ac
3603.jpg,2c
3555.jpg,qd
1680.jpg,10s
1327.jpg,qh
1771.jpg,ks
2298.jpg,jd
4008.jpg,9c
481.jpg,7c
1985.jpg,3h
3371.jpg,3d
3260.jpg,3s
2245.jpg,jd
3284.jpg,3s
4445.jpg,9s
4196.jpg,5c
3081.jpg,10h
3153.jpg,kh
4126.jpg,5c
589.jpg,as
523.jpg,as
2550.jpg,3c
4714.jpg,ah
2079.jpg,2h
1184.jpg,7s
4850.jpg,8c
46.jpg,6d
4514.jpg,9d
3531.jpg,qd
3643.jpg,2c
2161.jpg,js
3138.jpg,kh
2254.jpg,jd
2733.jpg,2d
69.jpg,6d
3970.jpg,4d
3285.jpg,3s
740.jpg,6c
266.jpg,5h
2602.jpg,2s
4539.jpg,9d
728.jpg,6c
264.jpg,5h
4811.jpg,8c
4328.jpg,8d
4171.jpg,5c
2227.jpg,jd
2653.jpg,2s
1729.jpg,ks
341.jpg,9h
3901.jpg,4d
2457.jpg,10c
3925.jpg,4d
4889.jpg,8c
3845.jpg,4s
1488.jpg,jc
2333.jpg,kc
3902.jpg,4d
315.jpg,9h
1730.jpg,ks
1394.jpg,qh
2132.jpg,js
3733.jpg,7h
1975.jpg,3h
811.jpg,8h
4615.jpg,4c
4263.jpg,8s
619.jpg,ad
2705.jpg,2d
467.jpg,7c
2368.jpg,kc
2534.jpg,3c
4681.jpg,4c
3866.jpg,4s
3017.jpg,10h
3948.jpg,4d
34.jpg,6d
793.jpg,6c
1281.jpg,ac
2731.jpg,2d
493.jpg,7c
1945.jpg,3h
4690.jpg,4c
5151.jpg,5d
2772.jpg,2d
4080.jpg,9c
2679.jpg,2s
3421.jpg,qs
4360.jpg,8d
4288.jpg,8s
3829.jpg,4s
2270.jpg,jd
1703.jpg,ks
2868.jpg,jh
302.jpg,9h
4642.jpg,4c
4333.jpg,8d
4334.jpg,8d
3731.jpg,7h
4021.jpg,9c
4802.jpg,8c
1695.jpg,10s
4872.jpg,8c
4402.jpg,9s
1416.jpg,jc
3023.jpg,10h
2102.jpg,js
3194.jpg,kh
3290.jpg,3s
2168.jpg,js
3019.jpg,10h
3171.jpg,kh
2909.jpg,qc
1642.jpg,10s
3757.jpg,7h
683.jpg,ad
1866.jpg,kd
885.jpg,8h
939.jpg,7d
18.jpg,6d
2263.jpg,jd
98.jpg,6d
4660.jpg,4c
1610.jpg,10s
2547.jpg,3c
464.jpg,7c
375.jpg,9h
2769.jpg,2d
147.jpg,6s
3160.jpg,kh
4083.jpg,9c
1067.jpg,4h
1598.jpg,10d
1173.jpg,7s
145.jpg,6s
5190.jpg,5d
4350.jpg,8d
3647.jpg,2c
3772.jpg,7h
4382.jpg,8d
820.jpg,8h
4200.jpg,8s
1596.jpg,10d
3216.jpg,3s
779.jpg,6c
2784.jpg,2d
668.jpg,ad
2220.jpg,jd
4867.jpg,8c
2131.jpg,js
3896.jpg,4s
1381.jpg,qh
889.jpg,8h
4631.jpg,4c
4518.jpg,9d
4625.jpg,4c
978.jpg,7d
209.jpg,5h
985.jpg,7d
4818.jpg,8c
4874.jpg,8c
2187.jpg,js
1814.jpg,kd
2328.jpg,kc
951.jpg,7d
5021.jpg,6h
4790.jpg,ah
262.jpg,5h
643.jpg,ad
1496.jpg,jc
327.jpg,9h
4814.jpg,8c
3166.jpg,kh
5117.jpg,5d
357.jpg,9h
2934.jpg,qc
4091.jpg,9c
2055.jpg,2h
417.jpg,7c
4927.jpg,5s
49.jpg,6d
2129.jpg,js
110.jpg,6s
4388.jpg,8d
2627.jpg,2s
186.jpg,6s
1461.jpg,jc
2466.jpg,10c
4180.jpg,5c
1092.jpg,4h
997.jpg,7d
475.jpg,7c
43.jpg,6d
988.jpg,7d
3844.jpg,4s
1277.jpg,ac
663.jpg,ad
3044.jpg,10h
1976.jpg,3h
4272.jpg,8s
5175.jpg,5d
3013.jpg,10h
4808.jpg,8c
1498.jpg,jc
617.jpg,ad
1599.jpg,10d
2652.jpg,2s
1482.jpg,jc
3658.jpg,2c
5040.jpg,6h
3584.jpg,qd
957.jpg,7d
3726.jpg,7h
3495.jpg,qs
3965.jpg,4d
4443.jpg,9s
1787.jpg,ks
3481.jpg,qs
2993.jpg,qc
719.jpg,6c
648.jpg,ad
408.jpg,7c
3396.jpg,3d
963.jpg,7d
4302.jpg,8d
4089.jpg,9c
5137.jpg,5d
477.jpg,7c
1507.jpg,10d
2290.jpg,jd
2242.jpg,jd
3253.jpg,3s
2809.jpg,jh
3840.jpg,4s
4710.jpg,ah
2642.jpg,2s
918.jpg,7d
4309.jpg,8d
1136.jpg,7s
332.jpg,9h
1223.jpg,ac
3830.jpg,4s
4899.jpg,8c
1178.jpg,7s
2017.jpg,2h
3662.jpg,2c
4975.jpg,5s
4310.jpg,8d
1926.jpg,3h
3865.jpg,4s
4813.jpg,8c
31.jpg,6d
1591.jpg,10d
403.jpg,7c
642.jpg,ad
2935.jpg,qc
1664.jpg,10s
5162.jpg,5d
3200.jpg,3s
548.jpg,as
4367.jpg,8d
2667.jpg,2s
157.jpg,6s
5093.jpg,6h
1233.jpg,ac
1345.jpg,qh
384.jpg,9h
2794.jpg,2d
614.jpg,ad
4678.jpg,4c
3025.jpg,10h
1655.jpg,10s
2147.jpg,js
2951.jpg,qc
1889.jpg,kd
3553.jpg,qd
1197.jpg,7s
1536.jpg,10d
162.jpg,6s
1666.jpg,10s
3453.jpg,qs
502.jpg,as
1964.jpg,3h
5138.jpg,5d
3355.jpg,3d
67.jpg,6d
2322.jpg,kc
373.jpg,9h
5036.jpg,6h
5042.jpg,6h
1392.jpg,qh
433.jpg,7c
5091.jpg,6h
398.jpg,9h
310.jpg,9h
2485.jpg,10c
4756.jpg,ah
3888.jpg,4s
3972.jpg,4d
834.jpg,8h
1048.jpg,4h
1662.jpg,10s
1660.jpg,10s
1287.jpg,ac
4837.jpg,8c
2996.jpg,qc
3751.jpg,7h
1556.jpg,10d
126.jpg,6s
2307.jpg,kc
3292.jpg,3s
1166.jpg,7s
4945.jpg,5s
1888.jpg,kd
3207.jpg,3s
3466.jpg,qs
3102.jpg,kh
5064.jpg,6h
1220.jpg,ac
1109.jpg,7s
1306.jpg,qh
5054.jpg,6h
2966.jpg,qc
3289.jpg,3s
799.jpg,6c
1246.jpg,ac
4177.jpg,5c
1922.jpg,3h
4254.jpg,8s
4924.jpg,5s
4853.jpg,8c
649.jpg,ad
5191.jpg,5d
3362.jpg,3d
1741.jpg,ks
1877.jpg,kd
345.jpg,9h
1829.jpg,kd
2754.jpg,2d
4544.jpg,9d
2971.jpg,qc
2154.jpg,js
197.jpg,6s
3436.jpg,qs
1038.jpg,4h
3442.jpg,qs
561.jpg,as
5034.jpg,6h
4747.jpg,ah
3172.jpg,kh
3928.jpg,4d
196.jpg,6s
872.jpg,8h
1918.jpg,3h
1760.jpg,ks
1570.jpg,10d
2681.jpg,2s
28.jpg,6d
4042.jpg,9c
3325.jpg,3d
5062.jpg,6h
4590.jpg,9d
3805.jpg,4s
942.jpg,7d
5120.jpg,5d
4356.jpg,8d
3985.jpg,4d
5044.jpg,6h
4730.jpg,ah
2459.jpg,10c
4683.jpg,4c
3708.jpg,7h
3773.jpg,7h
3457.jpg,qs
661.jpg,ad
2029.jpg,2h
4141.jpg,5c
2196.jpg,js
4905.jpg,5s
3969.jpg,4d
4132.jpg,5c
3117.jpg,kh
4002.jpg,9c
3572.jpg,qd
5192.jpg,5d
2433.jpg,10c
380.jpg,9h
504.jpg,as
2106.jpg,js
1133.jpg,7s
2432.jpg,10c
3997.jpg,4d
4077.jpg,9c
1114.jpg,7s
2821.jpg,jh
2608.jpg,2s
3441.jpg,qs
2510.jpg,3c
3042.jpg,10h
1007.jpg,4h
2265.jpg,jd
3222.jpg,3s
2725.jpg,2d
3144.jpg,kh
1865.jpg,kd
3148.jpg,kh
1118.jpg,7s
4129.jpg,5c
2043.jpg,2h
3224.jpg,3s
1206.jpg,ac
5046.jpg,6h
2287.jpg,jd
3521.jpg,qd
4221.jpg,8s
3759.jpg,7h
709.jpg,6c
1.jpg,6d
1072.jpg,4h
964.jpg,7d
840.jpg,8h
1517.jpg,10d
4405.jpg,9s
3694.jpg,2c
3083.jpg,10h
1368.jpg,qh
2256.jpg,jd
2967.jpg,qc
2153.jpg,js
4117.jpg,5c
2484.jpg,10c
2148.jpg,js
2723.jpg,2d
4027.jpg,9c
4674.jpg,4c
1273.jpg,ac
2748.jpg,2d
4987.jpg,5s
3.jpg,6d
2493.jpg,10c
4233.jpg,8s
1953.jpg,3h
4913.jpg,5s
5103.jpg,5d
4277.jpg,8s
2175.jpg,js
2599.jpg,3c
982.jpg,7d
33.jpg,6d
1066.jpg,4h
3862.jpg,4s
967.jpg,7d
5102.jpg,5d
424.jpg,7c
4472.jpg,9s
3714.jpg,7h
2094.jpg,2h
952.jpg,7d
1406.jpg,jc
4988.jpg,5s
4023.jpg,9c
4291.jpg,8s
5070.jpg,6h
3047.jpg,10h
303.jpg,9h
1613.jpg,10s
4796.jpg,ah
3149.jpg,kh
2910.jpg,qc
3890.jpg,4s
3046.jpg,10h
3898.jpg,4s
1127.jpg,7s
618.jpg,ad
2009.jpg,2h
3616.jpg,2c
2601.jpg,2s
3357.jpg,3d
4671.jpg,4c
1378.jpg,qh
2096.jpg,2h
2382.jpg,kc
5109.jpg,5d
2283.jpg,jd
21.jpg,6d
77.jpg,6d
144.jpg,6s
2859.jpg,jh
270.jpg,5h
4525.jpg,9d
3279.jpg,3s
213.jpg,5h
966.jpg,7d
1538.jpg,10d
1640.jpg,10s
3209.jpg,3s
4984.jpg,5s
979.jpg,7d
3579.jpg,qd
4956.jpg,5s
2798.jpg,2d
4971.jpg,5s
4557.jpg,9d
252.jpg,5h
2947.jpg,qc
2252.jpg,jd
790.jpg,6c
2257.jpg,jd
1850.jpg,kd
200.jpg,5h
3059.jpg,10h
3613.jpg,2c
4613.jpg,4c
2279.jpg,jd
4489.jpg,9s
3537.jpg,qd
2838.jpg,jh
1665.jpg,10s
4088.jpg,9c
3611.jpg,2c
2974.jpg,qc
4934.jpg,5s
2101.jpg,js
593.jpg,as
4355.jpg,8d
3987.jpg,4d
1840.jpg,kd
1893.jpg,kd
4789.jpg,ah
7.jpg,6d
3880.jpg,4s
2128.jpg,js
1798.jpg,ks
4992.jpg,5s
3266.jpg,3s
841.jpg,8h
2508.jpg,3c
449.jpg,7c
256.jpg,5h
2374.jpg,kc
3823.jpg,4s
263.jpg,5h
3140.jpg,kh
3420.jpg,qs
4894.jpg,8c
48.jpg,6d
4078.jpg,9c
560.jpg,as
4364.jpg,8d
1782.jpg,ks
1068.jpg,4h
4473.jpg,9s
1748.jpg,ks
4279.jpg,8s
2686.jpg,2s
592.jpg,as
2562.jpg,3c
260.jpg,5h
1712.jpg,ks
1484.jpg,jc
2857.jpg,jh
2190.jpg,js
1759.jpg,ks
580.jpg,as
4357.jpg,8d
240.jpg,5h
2895.jpg,jh
4232.jpg,8s
5048.jpg,6h
777.jpg,6c
2564.jpg,3c
1544.jpg,10d
1424.jpg,jc
3619.jpg,2c
854.jpg,8h
4908.jpg,5s
3234.jpg,3s
4792.jpg,ah
842.jpg,8h
4152.jpg,5c
2085.jpg,2h
1709.jpg,ks
1547.jpg,10d
1329.jpg,qh
576.jpg,as
3248.jpg,3s
1449.jpg,jc
4283.jpg,8s
3797.jpg,7h
457.jpg,7c
4964.jpg,5s
837.jpg,8h
3560.jpg,qd
5180.jpg,5d
4634.jpg,4c
4771.jpg,ah
267.jpg,5h
2730.jpg,2d
3922.jpg,4d
2813.jpg,jh
349.jpg,9h
1932.jpg,3h
1057.jpg,4h
4224.jpg,8s
3877.jpg,4s
3992.jpg,4d
4383.jpg,8d
2121.jpg,js
4932.jpg,5s
1939.jpg,3h
4513.jpg,9d
2591.jpg,3c
4509.jpg,9d
2582.jpg,3c
3701.jpg,7h
4740.jpg,ah
5140.jpg,5d
4888.jpg,8c
2288.jpg,jd
3199.jpg,kh
507.jpg,as
20.jpg,6d
584.jpg,as
788.jpg,6c
4090.jpg,9c
3648.jpg,2c
1915.jpg,3h
739.jpg,6c
667.jpg,ad
2389.jpg,kc
4621.jpg,4c
4602.jpg,4c
1216.jpg,ac
838.jpg,8h
4237.jpg,8s
4159.jpg,5c
743.jpg,6c
1001.jpg,4h
3294.jpg,3s
1740.jpg,ks
2738.jpg,2d
3660.jpg,2c
3525.jpg,qd
4440.jpg,9s
4361.jpg,8d
4879.jpg,8c
23.jpg,6d
746.jpg,6c
3070.jpg,10h
1081.jpg,4h
181.jpg,6s
1602.jpg,10s
388.jpg,9h
2716.jpg,2d
2542.jpg,3c
4795.jpg,ah
3704.jpg,7h
896.jpg,8h
1516.jpg,10d
4371.jpg,8d
2226.jpg,jd
4295.jpg,8s
2191.jpg,js
1395.jpg,qh
3999.jpg,4d
802.jpg,8h
2469.jpg,10c
1533.jpg,10d
439.jpg,7c
1013.jpg,4h
1403.jpg,jc
2264.jpg,jd
2771.jpg,2d
771.jpg,6c
1271.jpg,ac
2736.jpg,2d
511.jpg,as
4974.jpg,5s
3400.jpg,qs
595.jpg,as
114.jpg,6s
3659.jpg,2c
299.jpg,5h
3771.jpg,7h
660.jpg,ad
3781.jpg,7h
797.jpg,6c
5146.jpg,5d
2880.jpg,jh
628.jpg,ad
3257.jpg,3s
1351.jpg,qh
3990.jpg,4d
4114.jpg,5c
3455.jpg,qs
587.jpg,as
2916.jpg,qc
218.jpg,5h
3186.jpg,kh
3618.jpg,2c
2767.jpg,2d
4649.jpg,4c
3628.jpg,2c
1286.jpg,ac
3472.jpg,qs
3298.jpg,3s
3596.jpg,qd
2956.jpg,qc
3540.jpg,qd
2329.jpg,kc
4.jpg,6d
3367.jpg,3d
2963.jpg,qc
3683.jpg,2c
2057.jpg,2h
1647.jpg,10s
3605.jpg,2c
1864.jpg,kd
4562.jpg,9d
2714.jpg,2d
3626.jpg,2c
2573.jpg,3c
4551.jpg,9d
458.jpg,7c
871.jpg,8h
5052.jpg,6h
2989.jpg,qc
3385.jpg,3d
5038.jpg,6h
1946.jpg,3h
1788.jpg,ks
301.jpg,9h
2442.jpg,10c
678.jpg,ad
3109.jpg,kh
116.jpg,6s
4246.jpg,8s
873.jpg,8h
4015.jpg,9c
80.jpg,6d
4293.jpg,8s
3511.jpg,qd
3404.jpg,qs
4296.jpg,8s
3034.jpg,10h
2520.jpg,3c
1365.jpg,qh
3598.jpg,qd
1199.jpg,7s
622.jpg,ad
5024.jpg,6h
1364.jpg,qh
3803.jpg,4s
1726.jpg,ks
2931.jpg,qc
1060.jpg,4h
2185.jpg,js
782.jpg,6c
1426.jpg,jc
4125.jpg,5c
336.jpg,9h
2069.jpg,2h
3202.jpg,3s
326.jpg,9h
5010.jpg,6h
3523.jpg,qd
3005.jpg,10h
4716.jpg,ah
2110.jpg,js
3762.jpg,7h
1805.jpg,kd
2327.jpg,kc
4745.jpg,ah
1331.jpg,qh
3419.jpg,qs
2549.jpg,3c
362.jpg,9h
432.jpg,7c
4174.jpg,5c
4031.jpg,9c
4439.jpg,9s
125.jpg,6s
2513.jpg,3c
2064.jpg,2h
3464.jpg,qs
1710.jpg,ks
4573.jpg,9d
2410.jpg,10c
1553.jpg,10d
714.jpg,6c
4742.jpg,ah
2572.jpg,3c
4863.jpg,8c
878.jpg,8h
2927.jpg,qc
544.jpg,as
2815.jpg,jh
4079.jpg,9c
4004.jpg,9c
835.jpg,8h
517.jpg,as
3637.jpg,2c
2818.jpg,jh
5127.jpg,5d
3033.jpg,10h
1578.jpg,10d
3534.jpg,qd
3961.jpg,4d
621.jpg,ad
3709.jpg,7h
3303.jpg,3d
2429.jpg,10c
3409.jpg,qs
1356.jpg,qh
1619.jpg,10s
1301.jpg,qh
609.jpg,ad
4468.jpg,9s
3462.jpg,qs
3994.jpg,4d
4785.jpg,ah
3591.jpg,qd
2877.jpg,jh
2041.jpg,2h
3334.jpg,3d
383.jpg,9h
1763.jpg,ks
131.jpg,6s
4587.jpg,9d
4928.jpg,5s
3655.jpg,2c
2049.jpg,2h
1253.jpg,ac
419.jpg,7c
3299.jpg,3s
2199.jpg,js
3328.jpg,3d
1853.jpg,kd
2823.jpg,jh
1511.jpg,10d
4883.jpg,8c
4055.jpg,9c
2065.jpg,2h
2002.jpg,2h
1575.jpg,10d
64.jpg,6d
1370.jpg,qh
4414.jpg,9s
2703.jpg,2d
3556.jpg,qd
1420.jpg,jc
4821.jpg,8c
2142.jpg,js
4711.jpg,ah
1950.jpg,3h
950.jpg,7d
5174.jpg,5d
5129.jpg,5d
4432.jpg,9s
2266.jpg,jd
2595.jpg,3c
3979.jpg,4d
2030.jpg,2h
4704.jpg,ah
2137.jpg,js
2027.jpg,2h
4484.jpg,9s
281.jpg,5h
2401.jpg,10c
3497.jpg,qs
3847.jpg,4s
3352.jpg,3d
1363.jpg,qh
610.jpg,ad
1411.jpg,jc
4259.jpg,8s
1777.jpg,ks
1590.jpg,10d
1324.jpg,qh
81.jpg,6d
770.jpg,6c
2159.jpg,js
831.jpg,8h
4173.jpg,5c
4531.jpg,9d
901.jpg,7d
5096.jpg,6h
1022.jpg,4h
2434.jpg,10c
3179.jpg,kh
1485.jpg,jc
2282.jpg,jd
3656.jpg,2c
1388.jpg,qh
2710.jpg,2d
2538.jpg,3c
3437.jpg,qs
961.jpg,7d
4538.jpg,9d
3188.jpg,kh
3558.jpg,qd
2755.jpg,2d
2606.jpg,2s
2902.jpg,qc
1064.jpg,4h
491.jpg,7c
3968.jpg,4d
1453.jpg,jc
1812.jpg,kd
5169.jpg,5d
2873.jpg,jh
3610.jpg,2c
3535.jpg,qd
109.jpg,6s
1505.jpg,10d
2061.jpg,2h
510.jpg,as
2791.jpg,2d
2961.jpg,qc
4977.jpg,5s
5004.jpg,6h
4882.jpg,8c
2214.jpg,jd
2908.jpg,qc
2087.jpg,2h
1690.jpg,10s
14.jpg,6d
178.jpg,6s
428.jpg,7c
3770.jpg,7h
454.jpg,7c
3110.jpg,kh
2659.jpg,2s
274.jpg,5h
3915.jpg,4d
4521.jpg,9d
1896.jpg,kd
765.jpg,6c
3678.jpg,2c
5095.jpg,6h
2399.jpg,kc
1509.jpg,10d
2285.jpg,jd
5164.jpg,5d
3758.jpg,7h
1631.jpg,10s
2756.jpg,2d
2280.jpg,jd
4491.jpg,9s
522.jpg,as
2217.jpg,jd
2812.jpg,jh
1586.jpg,10d
1269.jpg,ac
4692.jpg,4c
4449.jpg,9s
4338.jpg,8d
1637.jpg,10s
1185.jpg,7s
1612.jpg,10s
1419.jpg,jc
984.jpg,7d
1802.jpg,kd
1936.jpg,3h
2879.jpg,jh
4392.jpg,8d
2782.jpg,2d
3712.jpg,7h
3018.jpg,10h
1402.jpg,jc
2422.jpg,10c
981.jpg,7d
1050.jpg,4h
534.jpg,as
2207.jpg,jd
4206.jpg,8s
4223.jpg,8s
1349.jpg,qh
2394.jpg,kc
3139.jpg,kh
4846.jpg,8c
4377.jpg,8d
5153.jpg,5d
462.jpg,7c
2471.jpg,10c
4191.jpg,5c
2342.jpg,kc
5067.jpg,6h
1418.jpg,jc
437.jpg,7c
2824.jpg,jh
857.jpg,8h
3071.jpg,10h
3201.jpg,3s
1265.jpg,ac
1237.jpg,ac
3957.jpg,4d
4474.jpg,9s
940.jpg,7d
796.jpg,6c
3921.jpg,4d
3934.jpg,4d
2080.jpg,2h
2066.jpg,2h
5139.jpg,5d
2708.jpg,2d
853.jpg,8h
3975.jpg,4d
4256.jpg,8s
4047.jpg,9c
1849.jpg,kd
4060.jpg,9c
4230.jpg,8s
3716.jpg,7h
4810.jpg,8c
3746.jpg,7h
1605.jpg,10s
3547.jpg,qd
1816.jpg,kd
945.jpg,7d
1597.jpg,10d
3552.jpg,qd
3217.jpg,3s
1018.jpg,4h
3859.jpg,4s
3052.jpg,10h
2042.jpg,2h
1466.jpg,jc
2107.jpg,js
1010.jpg,4h
2350.jpg,kc
3778.jpg,7h
792.jpg,6c
291.jpg,5h
1079.jpg,4h
4018.jpg,9c
1238.jpg,ac
1761.jpg,ks
4425.jpg,9s
87.jpg,6d
1629.jpg,10s
3444.jpg,qs
4252.jpg,8s
4418.jpg,9s
3163.jpg,kh
3467.jpg,qs
3315.jpg,3d
2127.jpg,js
3348.jpg,3d
4192.jpg,5c
1190.jpg,7s
4069.jpg,9c
1572.jpg,10d
2587.jpg,3c
3085.jpg,10h
163.jpg,6s
4365.jpg,8d
4434.jpg,9s
1044.jpg,4h
1325.jpg,qh
1430.jpg,jc
672.jpg,ad
300.jpg,9h
698.jpg,ad
1821.jpg,kd
603.jpg,ad
3459.jpg,qs
4767.jpg,ah
2377.jpg,kc
3763.jpg,7h
1754.jpg,ks
4980.jpg,5s
1935.jpg,3h
2761.jpg,2d
1493.jpg,jc
2875.jpg,jh
2871.jpg,jh
3293.jpg,3s
93.jpg,6d
1944.jpg,3h
2418.jpg,10c
1668.jpg,10s
3580.jpg,qd
505.jpg,as
3581.jpg,qd
2311.jpg,kc
532.jpg,as
3425.jpg,qs
3907.jpg,4d
863.jpg,8h
4512.jpg,9d
277.jpg,5h
3926.jpg,4d
1227.jpg,ac
4630.jpg,4c
874.jpg,8h
815.jpg,8h
2605.jpg,2s
2105.jpg,js
3892.jpg,4s
2795.jpg,2d
133.jpg,6s
3918.jpg,4d
1174.jpg,7s
4628.jpg,4c
1750.jpg,ks
3147.jpg,kh
4343.jpg,8d
3240.jpg,3s
2130.jpg,js
524.jpg,as
938.jpg,7d
1125.jpg,7s
1518.jpg,10d
3100.jpg,kh
3833.jpg,4s
2082.jpg,2h
3599.jpg,qd
4973.jpg,5s
1606.jpg,10s
910.jpg,7d
2441.jpg,10c
2734.jpg,2d
2274.jpg,jd
2581.jpg,3c
3128.jpg,kh
311.jpg,9h
5014.jpg,6h
3345.jpg,3d
3517.jpg,qd
1702.jpg,ks
1699.jpg,10s
5147.jpg,5d
2176.jpg,js
305.jpg,9h
731.jpg,6c
3321.jpg,3d
2071.jpg,2h
3414.jpg,qs
3376.jpg,3d
3939.jpg,4d
483.jpg,7c
397.jpg,9h
4274.jpg,8s
2840.jpg,jh
2093.jpg,2h
1305.jpg,qh
4903.jpg,5s
1106.jpg,7s
90.jpg,6d
2646.jpg,2s
4151.jpg,5c
1817.jpg,kd
3950.jpg,4d
5184.jpg,5d
4307.jpg,8d
3236.jpg,3s
3113.jpg,kh
5097.jpg,6h
1809.jpg,kd
583.jpg,as
4208.jpg,8s
3090.jpg,10h
5189.jpg,5d
1336.jpg,qh
280.jpg,5h
294.jpg,5h
1492.jpg,jc
3029.jpg,10h
1539.jpg,10d
2597.jpg,3c
1609.jpg,10s
4845.jpg,8c
4268.jpg,8s
4498.jpg,9s
3735.jpg,7h
2920.jpg,qc
501.jpg,as
4614.jpg,4c
382.jpg,9h
2315.jpg,kc
3789.jpg,7h
1894.jpg,kd
3286.jpg,3s
4339.jpg,8d
273.jpg,5h
1004.jpg,4h
2053.jpg,2h
2822.jpg,jh
1698.jpg,10s
402.jpg,7c
3000.jpg,10h
1417.jpg,jc
3909.jpg,4d
2737.jpg,2d
1625.jpg,10s
1844.jpg,kd
1386.jpg,qh
4337.jpg,8d
1884.jpg,kd
1455.jpg,jc
4537.jpg,9d
1062.jpg,4h
2962.jpg,qc
4989.jpg,5s
236.jpg,5h
4943.jpg,5s
4700.jpg,ah
4219.jpg,8s
5108.jpg,5d
688.jpg,ad
800.jpg,8h
860.jpg,8h
784.jpg,6c
1054.jpg,4h
646.jpg,ad
1099.jpg,4h
1652.jpg,10s
1734.jpg,ks
1454.jpg,jc
5076.jpg,6h
65.jpg,6d
4035.jpg,9c
2980.jpg,qc
1920.jpg,3h
2865.jpg,jh
2386.jpg,kc
3578.jpg,qd
3967.jpg,4d
3308.jpg,3d
1284.jpg,ac
4738.jpg,ah
47.jpg,6d
947.jpg,7d
2424.jpg,10c
1427.jpg,jc
3634.jpg,2c
701.jpg,6c
1837.jpg,kd
4292.jpg,8s
2275.jpg,jd
3988.jpg,4d
2.jpg,6d
4341.jpg,8d
4138.jpg,5c
5128.jpg,5d
5101.jpg,5d
2213.jpg,jd
407.jpg,7c
4699.jpg,4c
1171.jpg,7s
4419.jpg,9s
3004.jpg,10h
4393.jpg,8d
883.jpg,8h
2554.jpg,3c
2911.jpg,qc
2232.jpg,jd
1034.jpg,4h
2567.jpg,3c
3395.jpg,3d
1124.jpg,7s
4384.jpg,8d
4197.jpg,5c
4721.jpg,ah
2273.jpg,jd
3208.jpg,3s
4855.jpg,8c
1554.jpg,10d
902.jpg,7d
3941.jpg,4d
1924.jpg,3h
3606.jpg,2c
4374.jpg,8d
1752.jpg,ks
3031.jpg,10h
1456.jpg,jc
1721.jpg,ks
1620.jpg,10s
121.jpg,6s
1987.jpg,3h
1856.jpg,kd
1908.jpg,3h
4831.jpg,8c
1881.jpg,kd
4479.jpg,9s
3853.jpg,4s
904.jpg,7d
2400.jpg,10c
1252.jpg,ac
3101.jpg,kh
3516.jpg,qd
506.jpg,as
3842.jpg,4s
3001.jpg,10h
5082.jpg,6h
2630.jpg,2s
5099.jpg,6h
2531.jpg,3c
2478.jpg,10c
4278.jpg,8s
3049.jpg,10h
4059.jpg,9c
3886.jpg,4s
284.jpg,5h
3157.jpg,kh
4140.jpg,5c
2354.jpg,kc
4124.jpg,5c
3776.jpg,7h
3020.jpg,10h
4718.jpg,ah
1947.jpg,3h
718.jpg,6c
4146.jpg,5c
4030.jpg,9c
2780.jpg,2d
3958.jpg,4d
3728.jpg,7h
4523.jpg,9d
926.jpg,7d
2403.jpg,10c
827.jpg,8h
4517.jpg,9d
3314.jpg,3d
3366.jpg,3d
1959.jpg,3h
1101.jpg,7s
2923.jpg,qc
4198.jpg,5c
1633.jpg,10s
4131.jpg,5c
2819.jpg,jh
3428.jpg,qs
4618.jpg,4c
3474.jpg,qs
1842.jpg,kd
17.jpg,6d
5031.jpg,6h
3908.jpg,4d
5080.jpg,6h
3755.jpg,7h
2658.jpg,2s
1003.jpg,4h
3123.jpg,kh
2675.jpg,2s
4153.jpg,5c
3175.jpg,kh
2611.jpg,2s
4719.jpg,ah
2204.jpg,jd
722.jpg,6c
4572.jpg,9d
3636.jpg,2c
3681.jpg,2c
2143.jpg,js
1308.jpg,qh
498.jpg,7c
4005.jpg,9c
890.jpg,8h
3327.jpg,3d
317.jpg,9h
4053.jpg,9c
165.jpg,6s
4507.jpg,9d
1307.jpg,qh
2430.jpg,10c
3214.jpg,3s
2891.jpg,jh
1828.jpg,kd
112.jpg,6s
898.jpg,8h
4265.jpg,8s
5173.jpg,5d
3093.jpg,10h
749.jpg,6c
2603.jpg,2s
4452.jpg,9s
2850.jpg,jh
1231.jpg,ac
2098.jpg,2h
2371.jpg,kc
4120.jpg,5c
2965.jpg,qc
4758.jpg,ah
5126.jpg,5d
4220.jpg,8s
2978.jpg,qc
1296.jpg,ac
3426.jpg,qs
2886.jpg,jh
308.jpg,9h
4297.jpg,8s
1770.jpg,ks
2297.jpg,jd
4778.jpg,ah
1639.jpg,10s
1207.jpg,ac
4938.jpg,5s
83.jpg,6d
3736.jpg,7h
2060.jpg,2h
2024.jpg,2h
4996.jpg,5s
3851.jpg,4s
4609.jpg,4c
3370.jpg,3d
350.jpg,9h
1389.jpg,qh
2353.jpg,kc
231.jpg,5h
816.jpg,8h
1036.jpg,4h
2638.jpg,2s
588.jpg,as
3980.jpg,4d
187.jpg,6s
866.jpg,8h
3863.jpg,4s
2174.jpg,js
3646.jpg,2c
3456.jpg,qs
3077.jpg,10h
4217.jpg,8s
2921.jpg,qc
1965.jpg,3h
715.jpg,6c
4144.jpg,5c
1623.jpg,10s
2304.jpg,kc
4249.jpg,8s
2763.jpg,2d
3022.jpg,10h
1762.jpg,ks
4820.jpg,8c
103.jpg,6s
3504.jpg,qd
1235.jpg,ac
3009.jpg,10h
4800.jpg,8c
4332.jpg,8d
757.jpg,6c
5145.jpg,5d
4679.jpg,4c
3339.jpg,3d
2709.jpg,2d
2346.jpg,kc
3640.jpg,2c
318.jpg,9h
4786.jpg,ah
287.jpg,5h
3671.jpg,2c
892.jpg,8h
4495.jpg,9s
3719.jpg,7h
306.jpg,9h
344.jpg,9h
2899.jpg,jh
4436.jpg,9s
682.jpg,ad
991.jpg,7d
566.jpg,as
1700.jpg,ks
1858.jpg,kd
1552.jpg,10d
930.jpg,7d
3384.jpg,3d
1656.jpg,10s
2657.jpg,2s
1827.jpg,kd
5074.jpg,6h
3889.jpg,4s
2385.jpg,kc
2721.jpg,2d
1314.jpg,qh
884.jpg,8h
2420.jpg,10c
903.jpg,7d
2456.jpg,10c
2774.jpg,2d
1514.jpg,10d
1446.jpg,jc
1795.jpg,ks
4627.jpg,4c
3390.jpg,3d
3682.jpg,2c
1116.jpg,7s
4717.jpg,ah
2664.jpg,2s
756.jpg,6c
1377.jpg,qh
2250.jpg,jd
1479.jpg,jc
3256.jpg,3s
570.jpg,as
2449.jpg,10c
4270.jpg,8s
4104.jpg,5c
237.jpg,5h
4891.jpg,8c
4585.jpg,9d
2943.jpg,qc
4530.jpg,9d
2140.jpg,js
152.jpg,6s
4215.jpg,8s
16.jpg,6d
2251.jpg,jd
572.jpg,as
2546.jpg,3c
1835.jpg,kd
2482.jpg,10c
4323.jpg,8d
3505.jpg,qd
3221.jpg,3s
3661.jpg,2c
893.jpg,8h
2314.jpg,kc
1258.jpg,ac
1531.jpg,10d
4687.jpg,4c
1421.jpg,jc
5088.jpg,6h
3563.jpg,qd
191.jpg,6s
2719.jpg,2d
2516.jpg,3c
4626.jpg,4c
762.jpg,6c
1348.jpg,qh
276.jpg,5h
3281.jpg,3s
3243.jpg,3s
485.jpg,7c
3493.jpg,qs
2527.jpg,3c
2451.jpg,10c
3182.jpg,kh
286.jpg,5h
1251.jpg,ac
1589.jpg,10d
3382.jpg,3d
3861.jpg,4s
1194.jpg,7s
3225.jpg,3s
4979.jpg,5s
1144.jpg,7s
1725.jpg,ks
1980.jpg,3h
5134.jpg,5d
1923.jpg,3h
546.jpg,as
4410.jpg,9s
4465.jpg,9s
239.jpg,5h
1958.jpg,3h
1008.jpg,4h
4257.jpg,8s
2413.jpg,10c
238.jpg,5h
1240.jpg,ac
973.jpg,7d
4519.jpg,9d
651.jpg,ad
1192.jpg,7s
5032.jpg,6h
235.jpg,5h
1720.jpg,ks
2869.jpg,jh
1717.jpg,ks
848.jpg,8h
4568.jpg,9d
3191.jpg,kh
101.jpg,6s
3386.jpg,3d
1222.jpg,ac
2262.jpg,jd
2832.jpg,jh
2373.jpg,kc
3947.jpg,4d
5029.jpg,6h
2743.jpg,2d
2565.jpg,3c
1914.jpg,3h
2749.jpg,2d
3905.jpg,4d
3008.jpg,10h
1091.jpg,4h
3622.jpg,2c
662.jpg,ad
3884.jpg,4s
935.jpg,7d
2613.jpg,2s
199.jpg,6s
1332.jpg,qh
4075.jpg,9c
2052.jpg,2h
4697.jpg,4c
675.jpg,ad
4970.jpg,5s
1263.jpg,ac
2540.jpg,3c
1294.jpg,ac
4451.jpg,9s
3501.jpg,qd
2561.jpg,3c
1404.jpg,jc
3798.jpg,7h
3475.jpg,qs
3721.jpg,7h
5118.jpg,5d
205.jpg,5h
4067.jpg,9c
4458.jpg,9s
3697.jpg,2c
2083.jpg,2h
3164.jpg,kh
3205.jpg,3s
4981.jpg,5s
1560.jpg,10d
2959.jpg,qc
1563.jpg,10d
2696.jpg,2s
2830.jpg,jh
4312.jpg,8d
4665.jpg,4c
2553.jpg,3c
3691.jpg,2c
4830.jpg,8c
738.jpg,6c
2649.jpg,2s
2827.jpg,jh
2700.jpg,2d
2139.jpg,js
1778.jpg,ks
3448.jpg,qs
2715.jpg,2d
2291.jpg,jd
4029.jpg,9c
2894.jpg,jh
4856.jpg,8c
1745.jpg,ks
4110.jpg,5c
4093.jpg,9c
1532.jpg,10d
4866.jpg,8c
3129.jpg,kh
625.jpg,ad
4860.jpg,8c
250.jpg,5h
297.jpg,5h
1058.jpg,4h
2423.jpg,10c
557.jpg,as
2050.jpg,2h
4247.jpg,8s
2855.jpg,jh
733.jpg,6c
2683.jpg,2s
1110.jpg,7s
3316.jpg,3d
2691.jpg,2s
4580.jpg,9d
2521.jpg,3c
3121.jpg,kh
4454.jpg,9s
5197.jpg,5d
2939.jpg,qc
3468.jpg,qs
5008.jpg,6h
2460.jpg,10c
2571.jpg,3c
1086.jpg,4h
177.jpg,6s
3806.jpg,4s
451.jpg,7c
1739.jpg,ks
1221.jpg,ac
2151.jpg,js
175.jpg,6s
367.jpg,9h
2164.jpg,js
1601.jpg,10s
1574.jpg,10d
390.jpg,9h
4583.jpg,9d
5016.jpg,6h
1528.jpg,10d
1934.jpg,3h
2800.jpg,jh
3411.jpg,qs
679.jpg,ad
3536.jpg,qd
3239.jpg,3s
4653.jpg,4c
1016.jpg,4h
2692.jpg,2s
2289.jpg,jd
680.jpg,ad
1268.jpg,ac
1848.jpg,kd
179.jpg,6s
1880.jpg,kd
3519.jpg,qd
3170.jpg,kh
2015.jpg,2h
2426.jpg,10c
26.jpg,6d
2068.jpg,2h
4584.jpg,9d
4273.jpg,8s
4387.jpg,8d
3548.jpg,qd
4575.jpg,9d
3351.jpg,3d
4868.jpg,8c
669.jpg,ad
2324.jpg,kc
4284.jpg,8s
2244.jpg,jd
4100.jpg,5c
3173.jpg,kh
25.jpg,6d
1141.jpg,7s
180.jpg,6s
3962.jpg,4d
3150.jpg,kh
4087.jpg,9c
322.jpg,9h
4912.jpg,5s
5157.jpg,5d
2777.jpg,2d
246.jpg,5h
2765.jpg,2d
4407.jpg,9s
3258.jpg,3s
4648.jpg,4c
418.jpg,7c
5090.jpg,6h
1706.jpg,ks
224.jpg,5h
60.jpg,6d
3397.jpg,3d
607.jpg,ad
4922.jpg,5s
645.jpg,ad
1524.jpg,10d
4844.jpg,8c
3488.jpg,qs
51.jpg,6d
4304.jpg,8d
4819.jpg,8c
2336.jpg,kc
4911.jpg,5s
2480.jpg,10c
1367.jpg,qh
920.jpg,7d
2893.jpg,jh
5077.jpg,6h
3576.jpg,qd
2331.jpg,kc
1476.jpg,jc
1097.jpg,4h
1132.jpg,7s
2326.jpg,kc
4442.jpg,9s
4849.jpg,8c
3730.jpg,7h
2654.jpg,2s
4444.jpg,9s
1115.jpg,7s
1506.jpg,10d
2301.jpg,kc
2671.jpg,2s
1451.jpg,jc
1872.jpg,kd
3288.jpg,3s
1104.jpg,7s
1784.jpg,ks
2211.jpg,jd
1847.jpg,kd
4424.jpg,9s
4962.jpg,5s
1879.jpg,kd
361.jpg,9h
3679.jpg,2c
5089.jpg,6h
3039.jpg,10h
4210.jpg,8s
4561.jpg,9d
212.jpg,5h
5005.jpg,6h
2870.jpg,jh
4447.jpg,9s
1344.jpg,qh
763.jpg,6c
1644.jpg,10s
198.jpg,6s
4546.jpg,9d
141.jpg,6s
323.jpg,9h
425.jpg,7c
1617.jpg,10s
473.jpg,7c
5085.jpg,6h
931.jpg,7d
1366.jpg,qh
459.jpg,7c
3331.jpg,3d
4948.jpg,5s
3267.jpg,3s
2566.jpg,3c
515.jpg,as
3597.jpg,qd
2793.jpg,2d
2843.jpg,jh
4854.jpg,8c
5122.jpg,5d
1732.jpg,ks
1984.jpg,3h
3666.jpg,2c
107.jpg,6s
2004.jpg,2h
4959.jpg,5s
4691.jpg,4c
3262.jpg,3s
500.jpg,as
4599.jpg,9d
5196.jpg,5d
3198.jpg,kh
1156.jpg,7s
2236.jpg,jd
4869.jpg,8c
2544.jpg,3c
2604.jpg,2s
833.jpg,8h
1641.jpg,10s
172.jpg,6s
3094.jpg,10h
1043.jpg,4h
3471.jpg,qs
1088.jpg,4h
4231.jpg,8s
4623.jpg,4c
3492.jpg,qs
1898.jpg,kd
4920.jpg,5s
2501.jpg,3c
4258.jpg,8s
1537.jpg,10d
4163.jpg,5c
4560.jpg,9d
4737.jpg,ah
4709.jpg,ah
597.jpg,as
2676.jpg,2s
3641.jpg,2c
1026.jpg,4h
998.jpg,7d
2117.jpg,js
3799.jpg,7h
2936.jpg,qc
1683.jpg,10s
4516.jpg,9d
887.jpg,8h
4815.jpg,8c
1342.jpg,qh
1435.jpg,jc
282.jpg,5h
2888.jpg,jh
3181.jpg,kh
1000.jpg,4h
3247.jpg,3s
1352.jpg,qh
2343.jpg,kc
492.jpg,7c
4944.jpg,5s
2255.jpg,jd
2729.jpg,2d
1576.jpg,10d
1722.jpg,ks
1122.jpg,7s
3211.jpg,3s
119.jpg,6s
3670.jpg,2c
2248.jpg,jd
1998.jpg,3h
488.jpg,7c
4280.jpg,8s
4113.jpg,5c
2119.jpg,js
3111.jpg,kh
2539.jpg,3c
1974.jpg,3h
3870.jpg,4s
210.jpg,5h
3122.jpg,kh
3800.jpg,4s
4486.jpg,9s
1448.jpg,jc
3775.jpg,7h
96.jpg,6d
5066.jpg,6h
3913.jpg,4d
4128.jpg,5c
6.jpg,6d
2234.jpg,jd
1051.jpg,4h
4601.jpg,4c
1851.jpg,kd
4611.jpg,4c
559.jpg,as
233.jpg,5h
1150.jpg,7s
3012.jpg,10h
1670.jpg,10s
2269.jpg,jd
767.jpg,6c
2713.jpg,2d
3811.jpg,4s
2316.jpg,kc
2108.jpg,js
5051.jpg,6h
2014.jpg,2h
1270.jpg,ac
3857.jpg,4s
4663.jpg,4c
3879.jpg,4s
3515.jpg,qd
1973.jpg,3h
758.jpg,6c
42.jpg,6d
3347.jpg,3d
4712.jpg,ah
1291.jpg,ac
1630.jpg,10s
2023.jpg,2h
4398.jpg,8d
3112.jpg,kh
1744.jpg,ks
1676.jpg,10s
5166.jpg,5d
5194.jpg,5d
611.jpg,ad
1111.jpg,7s
4629.jpg,4c
1463.jpg,jc
173.jpg,6s
2302.jpg,kc
1804.jpg,kd
3402.jpg,qs
1193.jpg,7s
2278.jpg,jd
2489.jpg,10c
4287.jpg,8s
2645.jpg,2s
3263.jpg,3s
4085.jpg,9c
3783.jpg,7h
2462.jpg,10c
5106.jpg,5d
4058.jpg,9c
4469.jpg,9s
4366.jpg,8d
441.jpg,7c
2901.jpg,qc
3893.jpg,4s
3594.jpg,qd
1358.jpg,qh
4859.jpg,8c
2607.jpg,2s
4520.jpg,9d
3223.jpg,3s
4620.jpg,4c
591.jpg,as
2982.jpg,qc
3476.jpg,qs
1833.jpg,kd
3871.jpg,4s
2193.jpg,js
2118.jpg,js
4000.jpg,9c
4766.jpg,ah
1103.jpg,7s
3095.jpg,10h
2842.jpg,jh
4098.jpg,9c
3592.jpg,qd
4145.jpg,5c
1800.jpg,kd
1208.jpg,ac
3672.jpg,2c
4769.jpg,ah
4997.jpg,5s
443.jpg,7c
2609.jpg,2s
2685.jpg,2s
2835.jpg,jh
2846.jpg,jh
1083.jpg,4h
2502.jpg,3c
206.jpg,5h
2666.jpg,2s
1595.jpg,10d
2310.jpg,kc
313.jpg,9h
666.jpg,ad
1188.jpg,7s
5083.jpg,6h
5084.jpg,6h
2396.jpg,kc
4801.jpg,8c
3398.jpg,3d
4054.jpg,9c
2376.jpg,kc
381.jpg,9h
1921.jpg,3h
3551.jpg,qd
1940.jpg,3h
412.jpg,7c
809.jpg,8h
2866.jpg,jh
2933.jpg,qc
713.jpg,6c
4696.jpg,4c
1916.jpg,3h
3145.jpg,kh
4803.jpg,8c
1187.jpg,7s
3585.jpg,qd
1813.jpg,kd
2518.jpg,3c
3378.jpg,3d
4081.jpg,9c
2985.jpg,qc
1134.jpg,7s
2747.jpg,2d
1321.jpg,qh
4750.jpg,ah
5073.jpg,6h
24.jpg,6d
1303.jpg,qh
192.jpg,6s
445.jpg,7c
1276.jpg,ac
2929.jpg,qc
4910.jpg,5s
2241.jpg,jd
3764.jpg,7h
1213.jpg,ac
691.jpg,ad
5170.jpg,5d
2141.jpg,js
4791.jpg,ah
725.jpg,6c
2359.jpg,kc
2210.jpg,jd
1205.jpg,ac
1925.jpg,3h
1742.jpg,ks
3065.jpg,10h
969.jpg,7d
1159.jpg,7s
5183.jpg,5d
4423.jpg,9s
4488.jpg,9s
3612.jpg,2c
4606.jpg,4c
2198.jpg,js
84.jpg,6d
3440.jpg,qs
2981.jpg,qc
1904.jpg,3h
4397.jpg,8d
3750.jpg,7h
2454.jpg,10c
3342.jpg,3d
3423.jpg,qs
4368.jpg,8d
864.jpg,8h
516.jpg,as
3392.jpg,3d
4953.jpg,5s
3752.jpg,7h
886.jpg,8h
5045.jpg,6h
4935.jpg,5s
3568.jpg,qd
824.jpg,8h
3676.jpg,2c
4483.jpg,9s
44.jpg,6d
3779.jpg,7h
4622.jpg,4c
821.jpg,8h
2047.jpg,2h
85.jpg,6d
4043.jpg,9c
3520.jpg,qd
3377.jpg,3d
747.jpg,6c
1527.jpg,10d
3007.jpg,10h
2384.jpg,kc
3318.jpg,3d
2325.jpg,kc
4158.jpg,5c
3219.jpg,3s
949.jpg,7d
4448.jpg,9s
2773.jpg,2d
1035.jpg,4h
1445.jpg,jc
249.jpg,5h
2914.jpg,qc
2180.jpg,js
1863.jpg,kd
3041.jpg,10h
604.jpg,ad
690.jpg,ad
1195.jpg,7s
331.jpg,9h
1261.jpg,ac
108.jpg,6s
2949.jpg,qc
624.jpg,ad
1626.jpg,10s
3302.jpg,3d
2051.jpg,2h
658.jpg,ad
4706.jpg,ah
190.jpg,6s
3998.jpg,4d
3749.jpg,7h
965.jpg,7d
376.jpg,9h
2114.jpg,js
1052.jpg,4h
4106.jpg,5c
2848.jpg,jh
5115.jpg,5d
5187.jpg,5d
414.jpg,7c
3226.jpg,3s
3743.jpg,7h
2940.jpg,qc
1931.jpg,3h
316.jpg,9h
2724.jpg,2d
2387.jpg,kc
3463.jpg,qs
1372.jpg,qh
608.jpg,ad
4413.jpg,9s
4497.jpg,9s
4759.jpg,ah
4541.jpg,9d
752.jpg,6c
3336.jpg,3d
1659.jpg,10s
4666.jpg,4c
2697.jpg,2s
1971.jpg,3h
1149.jpg,7s
1727.jpg,ks
2499.jpg,10c
3819.jpg,4s
1582.jpg,10d
1105.jpg,7s
321.jpg,9h
2677.jpg,2s
529.jpg,as
4754.jpg,ah
52.jpg,6d
1202.jpg,ac
56.jpg,6d
4108.jpg,5c
1334.jpg,qh
4946.jpg,5s
195.jpg,6s
1654.jpg,10s
4480.jpg,9s
2351.jpg,kc
3360.jpg,3d
3264.jpg,3s
444.jpg,7c
4236.jpg,8s
429.jpg,7c
395.jpg,9h
2181.jpg,js
2661.jpg,2s
1328.jpg,qh
3875.jpg,4s
4157.jpg,5c
1152.jpg,7s
4593.jpg,9d
193.jpg,6s
503.jpg,as
552.jpg,as
292.jpg,5h
4728.jpg,ah
3015.jpg,10h
3677.jpg,2c
2003.jpg,2h
5002.jpg,6h
4056.jpg,9c
3686.jpg,2c
4201.jpg,8s
3184.jpg,kh
3873.jpg,4s
5017.jpg,6h
3864.jpg,4s
1119.jpg,7s
3960.jpg,4d
3737.jpg,7h
1724.jpg,ks
4340.jpg,8d
4639.jpg,4c
3931.jpg,4d
440.jpg,7c
1189.jpg,7s
2898.jpg,jh
130.jpg,6s
3073.jpg,10h
748.jpg,6c
2067.jpg,2h
4715.jpg,ah
1362.jpg,qh
4644.jpg,4c
2059.jpg,2h
2858.jpg,jh
1316.jpg,qh
423.jpg,7c
229.jpg,5h
1581.jpg,10d
781.jpg,6c
3361.jpg,3d
3237.jpg,3s
2365.jpg,kc
772.jpg,6c
1887.jpg,kd
222.jpg,5h
409.jpg,7c
828.jpg,8h
1098.jpg,4h
2739.jpg,2d
3058.jpg,10h
328.jpg,9h
4904.jpg,5s
399.jpg,9h
3582.jpg,qd
3554.jpg,qd
4532.jpg,9d
4156.jpg,5c
4143.jpg,5c
4415.jpg,9s
3986.jpg,4d
497.jpg,7c
2768.jpg,2d
953.jpg,7d
3876.jpg,4s
1956.jpg,3h
2476.jpg,10c
795.jpg,6c
482.jpg,7c
2622.jpg,2s
1927.jpg,3h
4017.jpg,9c
2197.jpg,js
1380.jpg,qh
2276.jpg,jd
62.jpg,6d
4995.jpg,5s
2163.jpg,js
695.jpg,ad
1181.jpg,7s
4914.jpg,5s
4239.jpg,8s
4688.jpg,4c
389.jpg,9h
4385.jpg,8d
4672.jpg,4c
1930.jpg,3h
3814.jpg,4s
13.jpg,6d
3756.jpg,7h
1413.jpg,jc
1834.jpg,kd
182.jpg,6s
2337.jpg,kc
4084.jpg,9c
1409.jpg,jc
1450.jpg,jc
1584.jpg,10d
4680.jpg,4c
1415.jpg,jc
4276.jpg,8s
4311.jpg,8d
1474.jpg,jc
4038.jpg,9c
2856.jpg,jh
2885.jpg,jh
474.jpg,7c
4826.jpg,8c
139.jpg,6s
4727.jpg,ah
4073.jpg,9c
994.jpg,7d
4298.jpg,8s
632.jpg,ad
1203.jpg,ac
5144.jpg,5d
4105.jpg,5c
2104.jpg,js
2380.jpg,kc
4578.jpg,9d
786.jpg,6c
2569.jpg,3c
2584.jpg,3c
4011.jpg,9c
1873.jpg,kd
138.jpg,6s
631.jpg,ad
3765.jpg,7h
4051.jpg,9c
1568.jpg,10d
1890.jpg,kd
4736.jpg,ah
1685.jpg,10s
1049.jpg,4h
638.jpg,ad
1350.jpg,qh
1764.jpg,ks
3766.jpg,7h
1339.jpg,qh
2414.jpg,10c
751.jpg,6c
3562.jpg,qd
3635.jpg,2c
1255.jpg,ac
4190.jpg,5c
1012.jpg,4h
3096.jpg,10h
700.jpg,6c
2347.jpg,kc
1458.jpg,jc
4998.jpg,5s
2524.jpg,3c
3711.jpg,7h
3813.jpg,4s
626.jpg,ad
1317.jpg,qh
4441.jpg,9s
4072.jpg,9c
241.jpg,5h
2020.jpg,2h
574.jpg,as
4097.jpg,9c
3485.jpg,qs
4348.jpg,8d
2366.jpg,kc
3340.jpg,3d
227.jpg,5h
1783.jpg,ks
1755.jpg,ks
4871.jpg,8c
4096.jpg,9c
4682.jpg,4c
3381.jpg,3d
4010.jpg,9c
1753.jpg,ks
1170.jpg,7s
4732.jpg,ah
4878.jpg,8c
4376.jpg,8d
3356.jpg,3d
5030.jpg,6h
845.jpg,8h
1384.jpg,qh
4806.jpg,8c
1023.jpg,4h
888.jpg,8h
8.jpg,6d
2443.jpg,10c
3406.jpg,qs
1692.jpg,10s
555.jpg,as
704.jpg,6c
2742.jpg,2d
4991.jpg,5s
5060.jpg,6h
3458.jpg,qs
1154.jpg,7s
2678.jpg,2s
2475.jpg,10c
1056.jpg,4h
3280.jpg,3s
3162.jpg,kh
1501.jpg,10d
2991.jpg,qc
962.jpg,7d
4870.jpg,8c
3518.jpg,qd
3589.jpg,qd
489.jpg,7c
3689.jpg,2c
3559.jpg,qd
372.jpg,9h
2267.jpg,jd
151.jpg,6s
2532.jpg,3c
710.jpg,6c
4957.jpg,5s
3754.jpg,7h
3514.jpg,qd
4633.jpg,4c
1297.jpg,ac
4582.jpg,9d
2393.jpg,kc
4168.jpg,5c
4313.jpg,8d
2028.jpg,2h
2836.jpg,jh
3973.jpg,4d
3036.jpg,10h
3784.jpg,7h
2084.jpg,2h
1555.jpg,10d
4726.jpg,ah
1870.jpg,kd
1169.jpg,7s
3720.jpg,7h
5050.jpg,6h
1723.jpg,ks
2435.jpg,10c
1766.jpg,ks
2619.jpg,2s
4701.jpg,ah
5057.jpg,6h
4793.jpg,ah
58.jpg,6d
3669.jpg,2c
3810.jpg,4s
3242.jpg,3s
5012.jpg,6h
471.jpg,7c
499.jpg,7c
4918.jpg,5s
1508.jpg,10d
905.jpg,7d
3480.jpg,qs
2019.jpg,2h
314.jpg,9h
744.jpg,6c
4694.jpg,4c
166.jpg,6s
143.jpg,6s
1611.jpg,10s
558.jpg,as
3135.jpg,kh
750.jpg,6c
2321.jpg,kc
4417.jpg,9s
1011.jpg,4h
312.jpg,9h
5143.jpg,5d
2906.jpg,qc
1604.jpg,10s
2647.jpg,2s
2528.jpg,3c
636.jpg,ad
120.jpg,6s
2473.jpg,10c
1310.jpg,qh
5168.jpg,5d
2319.jpg,kc
3241.jpg,3s
3120.jpg,kh
3732.jpg,7h
3667.jpg,2c
3354.jpg,3d
45.jpg,6d
184.jpg,6s
1280.jpg,ac
3050.jpg,10h
4669.jpg,4c
933.jpg,7d
1796.jpg,ks
530.jpg,as
2803.jpg,jh
3964.jpg,4d
2511.jpg,3c
4121.jpg,5c
4460.jpg,9s
3978.jpg,4d
4262.jpg,8s
